{
  "completed": "2024-03-28T08:34:06.171822Z",
  "periodic": true,
  "started": "2024-03-28T08:32:45.572769Z",
  "versions": [
    {
      "filename": "setuptools-69.2.0-py3-none-any.whl",
      "found_date": "2024-03-28T08:32:48.967851Z",
      "release_date": "2024-03-13T11:20:54.000000Z",
      "source": "periodic"
    },
    {
      "filename": "setuptools-69.1.1-py3-none-any.whl",
      "found_date": "2024-03-28T08:33:33.761631Z",
      "release_date": "2024-02-23T11:26:34.000000Z",
      "source": "periodic"
    }
  ]
}