{
  "completed": "2024-03-28T08:33:59.580160Z",
  "periodic": true,
  "started": "2024-03-28T08:32:45.569256Z",
  "versions": [
    {
      "filename": "wheel-0.43.0-py3-none-any.whl",
      "found_date": "2024-03-28T08:32:49.359717Z",
      "release_date": "2024-03-11T19:29:15.000000Z",
      "source": "periodic"
    },
    {
      "filename": "wheel-0.42.0-py3-none-any.whl",
      "found_date": "2024-03-28T08:33:29.460338Z",
      "release_date": "2023-11-26T14:37:10.000000Z",
      "source": "periodic"
    }
  ]
}